Sala,Temperatura Promedio (°C)
Sala_1,22.083076923076923
Sala_2,21.834848484848486
Sala_3,21.938541666666666
Sala_4,22.176958525345622
Sala_5,21.793939393939393
