Sala,Temperatura Promedio,Humedad Promedio
Sala_1,22.083076923076923,50.00512820512821
Sala_2,21.834848484848486,49.852020202020206
Sala_3,21.938541666666666,50.06302083333333
Sala_4,22.176958525345622,50.07188940092166
Sala_5,21.793939393939393,49.13383838383838
